{
	"music.start": {
		"sounds": [
			"music/start"
		]
	},
	"music.rougeport": {
		"sounds": [
			"music/rougeport"
		]
	},
	"music.castle": {
		"sounds": [
			"music/castle"
		]
	},
	"music.path": {
		"sounds": [
			"music/path"
		]
	},
	"music.boss1": {
		"sounds": [
			"music/boss1"
		]
	},
	"music.boss2": {
		"sounds": [
			"music/boss2"
		]
	},
	"music.boss3": {
		"sounds": [
			"music/boss3"
		]
	},
	"music.castleentrance": {
		"sounds": [
			"music/castleentrance"
		]
	},
	"music.cave": {
		"sounds": [
			"music/cave"
		]
	},
	"music.town": {
		"sounds": [
			"music/town"
		]
	}
}